[{"offset":0,"session":[{"STOP":1590771608473,"LABEL":"DB_create_and_update","START":1590770564675},{"STOP":1590771806741,"LABEL":"Ping_Utility_1","START":1590771622901},{"STOP":1590771988277,"LABEL":"Ping_Utility_2","START":1590771811030},{"STOP":1590772193942,"LABEL":"DB_create_and_update","START":1590772177262},{"STOP":1590772654912,"LABEL":"Trade_processor_and_logic","START":1590772209429},{"STOP":1590772872278,"LABEL":"Ping_Utility_2","START":1590772801973},{"STOP":1590773486393,"LABEL":"Trade_processor_and_logic","START":1590773060054}],"appserver":""}]