{"Files": {"daytrader7/daytrader-ee7-web/src/main/java/com/ibm/websphere/samples/daytrader/web/OrdersAlertFilter.java": {"package": "com.ibm.websphere.samples.daytrader.web", "import": ["java.io.IOException", "java.util.Collection", "javax.servlet.Filter", "javax.servlet.FilterChain", "javax.servlet.FilterConfig", "javax.servlet.ServletException", "javax.servlet.ServletRequest", "javax.servlet.ServletResponse", "javax.servlet.annotation.WebFilter", "javax.servlet.http.HttpServletRequest", "com.ibm.websphere.samples.daytrader.TradeAction", "com.ibm.websphere.samples.daytrader.TradeServices", "com.ibm.websphere.samples.daytrader.util.Log", "com.ibm.websphere.samples.daytrader.util.TradeConfig"], "OrdersAlertFilter": "OrdersAlertFilter"}, "daytrader7/daytrader-ee7-web/src/main/java/com/ibm/websphere/samples/daytrader/web/TradeAppServlet.java": {"package": "com.ibm.websphere.samples.daytrader.web", "import": ["java.io.IOException", "javax.servlet.ServletConfig", "javax.servlet.ServletContext", "javax.servlet.ServletException", "javax.servlet.annotation.WebServlet", "javax.servlet.http.HttpServlet", "javax.servlet.http.HttpServletRequest", "javax.servlet.http.HttpServletResponse", "javax.servlet.http.HttpSession", "com.ibm.websphere.samples.daytrader.util.Log", "com.ibm.websphere.samples.daytrader.util.TradeConfig"], "TradeAppServlet": "TradeAppServlet"}, "daytrader7/daytrader-ee7-web/src/main/java/com/ibm/websphere/samples/daytrader/web/TestServlet.java": {"package": "com.ibm.websphere.samples.daytrader.web", "import": ["java.io.IOException", "java.math.BigDecimal", "javax.servlet.ServletConfig", "javax.servlet.ServletException", "javax.servlet.annotation.WebServlet", "javax.servlet.http.HttpServlet", "javax.servlet.http.HttpServletRequest", "javax.servlet.http.HttpServletResponse", "com.ibm.websphere.samples.daytrader.TradeAction", "com.ibm.websphere.samples.daytrader.util.Log", "com.ibm.websphere.samples.daytrader.util.TradeConfig"], "TestServlet": "TestServlet"}, "daytrader7/daytrader-ee7-web/src/main/java/com/ibm/websphere/samples/daytrader/web/TradeWebContextListener.java": {"package": "com.ibm.websphere.samples.daytrader.web", "import": ["java.io.InputStream", "java.util.Properties", "javax.servlet.ServletContextEvent", "javax.servlet.ServletContextListener", "javax.servlet.annotation.WebListener", "com.ibm.websphere.samples.daytrader.direct.TradeDirect", "com.ibm.websphere.samples.daytrader.util.Log", "com.ibm.websphere.samples.daytrader.util.TradeConfig"], "TradeWebContextListener": "TradeWebContextListener"}, "daytrader7/daytrader-ee7-web/src/main/java/com/ibm/websphere/samples/daytrader/web/TradeServletAction.java": {"package": "com.ibm.websphere.samples.daytrader.web", "import": ["java.io.IOException", "java.math.BigDecimal", "java.util.ArrayList", "java.util.Collection", "java.util.Iterator", "javax.servlet.ServletContext", "javax.servlet.ServletException", "javax.servlet.http.HttpServletRequest", "javax.servlet.http.HttpServletResponse", "javax.servlet.http.HttpSession", "com.ibm.websphere.samples.daytrader.TradeAction", "com.ibm.websphere.samples.daytrader.TradeServices", "com.ibm.websphere.samples.daytrader.entities.AccountDataBean", "com.ibm.websphere.samples.daytrader.entities.AccountProfileDataBean", "com.ibm.websphere.samples.daytrader.entities.HoldingDataBean", "com.ibm.websphere.samples.daytrader.entities.OrderDataBean", "com.ibm.websphere.samples.daytrader.entities.QuoteDataBean", "com.ibm.websphere.samples.daytrader.util.Log", "com.ibm.websphere.samples.daytrader.util.TradeConfig"], "TradeServletAction": "TradeServletAction"}, "daytrader7/daytrader-ee7-web/src/main/java/com/ibm/websphere/samples/daytrader/web/TradeConfigServlet.java": {"package": "com.ibm.websphere.samples.daytrader.web", "import": ["java.io.IOException", "javax.servlet.ServletConfig", "javax.servlet.ServletException", "javax.servlet.annotation.WebServlet", "javax.servlet.http.HttpServlet", "javax.servlet.http.HttpServletRequest", "javax.servlet.http.HttpServletResponse", "com.ibm.websphere.samples.daytrader.TradeAction", "com.ibm.websphere.samples.daytrader.beans.RunStatsDataBean", "com.ibm.websphere.samples.daytrader.direct.TradeDirect", "com.ibm.websphere.samples.daytrader.util.Log", "com.ibm.websphere.samples.daytrader.util.TradeConfig"], "TradeConfigServlet": "TradeConfigServlet"}, "daytrader7/daytrader-ee7-web/src/main/java/com/ibm/websphere/samples/daytrader/web/TradeScenarioServlet.java": {"package": "com.ibm.websphere.samples.daytrader.web", "import": ["java.io.IOException", "java.io.PrintWriter", "java.util.Collection", "java.util.Iterator", "javax.servlet.ServletConfig", "javax.servlet.ServletContext", "javax.servlet.ServletException", "javax.servlet.annotation.WebServlet", "javax.servlet.http.HttpServlet", "javax.servlet.http.HttpServletRequest", "javax.servlet.http.HttpServletResponse", "javax.servlet.http.HttpSession", "com.ibm.websphere.samples.daytrader.entities.HoldingDataBean", "com.ibm.websphere.samples.daytrader.util.Log", "com.ibm.websphere.samples.daytrader.util.TradeConfig"], "TradeScenarioServlet": "TradeScenarioServlet"}, "daytrader7/daytrader-ee7-web/src/main/java/com/ibm/websphere/samples/daytrader/web/TradeBuildDB.java": {"package": "com.ibm.websphere.samples.daytrader.web", "import": ["java.io.BufferedReader", "java.io.IOException", "java.io.InputStream", "java.io.InputStreamReader", "java.math.BigDecimal", "java.util.ArrayList", "com.ibm.websphere.samples.daytrader.direct.TradeDirect", "com.ibm.websphere.samples.daytrader.entities.AccountDataBean", "com.ibm.websphere.samples.daytrader.util.Log", "com.ibm.websphere.samples.daytrader.util.TradeConfig"], "TradeBuildDB": "TradeBuildDB"}, "daytrader7/daytrader-ee7-web/src/main/java/com/ibm/websphere/samples/daytrader/web/websocket/ActionDecoder.java": {"package": "com.ibm.websphere.samples.daytrader.web.websocket", "import": ["javax.websocket.DecodeException", "javax.websocket.Decoder", "javax.websocket.EndpointConfig", "com.ibm.websphere.samples.daytrader.util.Log"], "ActionDecoder": "ActionDecoder"}, "daytrader7/daytrader-ee7-web/src/main/java/com/ibm/websphere/samples/daytrader/web/websocket/JsonMessage.java": {"package": "com.ibm.websphere.samples.daytrader.web.websocket", "JsonMessage": "JsonMessage"}, "daytrader7/daytrader-ee7-web/src/main/java/com/ibm/websphere/samples/daytrader/web/websocket/ActionMessage.java": {"package": "com.ibm.websphere.samples.daytrader.web.websocket", "import": ["java.io.StringReader", "javax.json.Json", "javax.json.stream.JsonParser", "com.ibm.websphere.samples.daytrader.util.Log"], "ActionMessage": "ActionMessage"}, "daytrader7/daytrader-ee7-web/src/main/java/com/ibm/websphere/samples/daytrader/web/websocket/MarketSummaryWebSocket.java": {"package": "com.ibm.websphere.samples.daytrader.web.websocket", "import": ["java.util.Collections", "java.util.HashSet", "java.util.Iterator", "java.util.Set", "java.util.concurrent.CountDownLatch", "javax.enterprise.event.Observes", "javax.jms.Message", "javax.json.Json", "javax.json.JsonObject", "javax.json.JsonObjectBuilder", "javax.json.JsonValue", "javax.websocket.CloseReason", "javax.websocket.EndpointConfig", "javax.websocket.OnClose", "javax.websocket.OnError", "javax.websocket.OnMessage", "javax.websocket.OnOpen", "javax.websocket.Session", "javax.websocket.server.ServerEndpoint", "com.ibm.websphere.samples.daytrader.TradeAction", "com.ibm.websphere.samples.daytrader.util.Log", "com.ibm.websphere.samples.daytrader.util.WebSocketJMSMessage"], "MarketSummaryWebSocket": "MarketSummaryWebSocket"}, "daytrader7/daytrader-ee7-web/src/main/java/com/ibm/websphere/samples/daytrader/web/websocket/JsonDecoder.java": {"package": "com.ibm.websphere.samples.daytrader.web.websocket", "import": ["java.io.StringReader", "javax.json.Json", "javax.json.JsonObject", "javax.websocket.DecodeException", "javax.websocket.Decoder", "javax.websocket.EndpointConfig"], "JsonDecoder": "JsonDecoder"}, "daytrader7/daytrader-ee7-web/src/main/java/com/ibm/websphere/samples/daytrader/web/websocket/RecentStockChangeList.java": {"package": "com.ibm.websphere.samples.daytrader.web.websocket", "import": ["java.math.BigDecimal", "java.math.RoundingMode", "java.util.Collections", "java.util.Iterator", "java.util.LinkedList", "java.util.List", "javax.jms.Message", "javax.json.Json", "javax.json.JsonObject", "javax.json.JsonObjectBuilder"], "RecentStockChangeList": "RecentStockChangeList"}, "daytrader7/daytrader-ee7-web/src/main/java/com/ibm/websphere/samples/daytrader/web/websocket/JsonEncoder.java": {"package": "com.ibm.websphere.samples.daytrader.web.websocket", "import": ["javax.json.Json", "javax.json.JsonObject", "javax.websocket.EncodeException", "javax.websocket.Encoder", "javax.websocket.EndpointConfig"], "JsonEncoder": "JsonEncoder"}, "daytrader7/daytrader-ee7-web/src/main/java/com/ibm/websphere/samples/daytrader/web/prims/PingServlet2Jsp.java": {"package": "com.ibm.websphere.samples.daytrader.web.prims", "import": ["java.io.IOException", "javax.servlet.ServletException", "javax.servlet.annotation.WebServlet", "javax.servlet.http.HttpServlet", "javax.servlet.http.HttpServletRequest", "javax.servlet.http.HttpServletResponse", "com.ibm.websphere.samples.daytrader.util.Log"], "PingServlet2Jsp": "PingServlet2Jsp"}, "daytrader7/daytrader-ee7-web/src/main/java/com/ibm/websphere/samples/daytrader/web/prims/PingServletSetContentLength.java": {"package": "com.ibm.websphere.samples.daytrader.web.prims", "import": ["java.io.IOException", "javax.servlet.ServletConfig", "javax.servlet.ServletException", "javax.servlet.ServletOutputStream", "javax.servlet.annotation.WebServlet", "javax.servlet.http.HttpServlet", "javax.servlet.http.HttpServletRequest", "javax.servlet.http.HttpServletResponse", "com.ibm.websphere.samples.daytrader.util.Log"], "PingServletSetContentLength": "PingServletSetContentLength"}, "daytrader7/daytrader-ee7-web/src/main/java/com/ibm/websphere/samples/daytrader/web/prims/PingReentryServlet.java": {"package": "com.ibm.websphere.samples.daytrader.web.prims", "import": ["java.io.BufferedReader", "java.io.IOException", "java.io.InputStreamReader", "java.net.HttpURLConnection", "java.net.URL", "javax.servlet.ServletConfig", "javax.servlet.ServletException", "javax.servlet.ServletOutputStream", "javax.servlet.annotation.WebServlet", "javax.servlet.http.HttpServlet", "javax.servlet.http.HttpServletRequest", "javax.servlet.http.HttpServletResponse"], "PingReentryServlet": "PingReentryServlet"}, "daytrader7/daytrader-ee7-web/src/main/java/com/ibm/websphere/samples/daytrader/web/prims/PingServlet2JNDI.java": {"package": "com.ibm.websphere.samples.daytrader.web.prims", "import": ["java.io.IOException", "javax.servlet.ServletConfig", "javax.servlet.ServletException", "javax.servlet.annotation.WebServlet", "javax.servlet.http.HttpServlet", "javax.servlet.http.HttpServletRequest", "javax.servlet.http.HttpServletResponse", "com.ibm.websphere.samples.daytrader.util.Log"], "PingServlet2JNDI": "PingServlet2JNDI"}, "daytrader7/daytrader-ee7-web/src/main/java/com/ibm/websphere/samples/daytrader/web/prims/PingSession1.java": {"package": "com.ibm.websphere.samples.daytrader.web.prims", "import": ["java.io.IOException", "java.io.PrintWriter", "javax.servlet.ServletConfig", "javax.servlet.ServletException", "javax.servlet.annotation.WebServlet", "javax.servlet.http.HttpServlet", "javax.servlet.http.HttpServletRequest", "javax.servlet.http.HttpServletResponse", "javax.servlet.http.HttpSession", "com.ibm.websphere.samples.daytrader.util.Log"], "PingSession1": "PingSession1"}, "daytrader7/daytrader-ee7-web/src/main/java/com/ibm/websphere/samples/daytrader/web/prims/PingWebSocketBinary.java": {"package": "com.ibm.websphere.samples.daytrader.web.prims", "import": ["java.io.IOException", "java.nio.ByteBuffer", "javax.websocket.CloseReason", "javax.websocket.EndpointConfig", "javax.websocket.OnClose", "javax.websocket.OnError", "javax.websocket.OnMessage", "javax.websocket.OnOpen", "javax.websocket.Session", "javax.websocket.server.ServerEndpoint"], "PingWebSocketBinary": "PingWebSocketBinary"}, "daytrader7/daytrader-ee7-web/src/main/java/com/ibm/websphere/samples/daytrader/web/prims/PingJDBCRead.java": {"package": "com.ibm.websphere.samples.daytrader.web.prims", "import": ["java.io.IOException", "javax.servlet.ServletConfig", "javax.servlet.ServletException", "javax.servlet.annotation.WebServlet", "javax.servlet.http.HttpServlet", "javax.servlet.http.HttpServletRequest", "javax.servlet.http.HttpServletResponse", "com.ibm.websphere.samples.daytrader.direct.TradeDirect", "com.ibm.websphere.samples.daytrader.entities.QuoteDataBean", "com.ibm.websphere.samples.daytrader.util.Log", "com.ibm.websphere.samples.daytrader.util.TradeConfig"], "PingJDBCRead": "PingJDBCRead"}, "daytrader7/daytrader-ee7-web/src/main/java/com/ibm/websphere/samples/daytrader/web/prims/PingJSONP.java": {"package": "com.ibm.websphere.samples.daytrader.web.prims", "import": ["java.io.IOException", "java.io.StringReader", "java.io.StringWriter", "javax.json.Json", "javax.json.stream.JsonGenerator", "javax.json.stream.JsonParser", "javax.servlet.ServletConfig", "javax.servlet.ServletException", "javax.servlet.ServletOutputStream", "javax.servlet.annotation.WebServlet", "javax.servlet.http.HttpServlet", "javax.servlet.http.HttpServletRequest", "javax.servlet.http.HttpServletResponse", "com.ibm.websphere.samples.daytrader.util.Log"], "PingJSONP": "PingJSONP"}, "daytrader7/daytrader-ee7-web/src/main/java/com/ibm/websphere/samples/daytrader/web/prims/PingWebSocketJson.java": {"package": "com.ibm.websphere.samples.daytrader.web.prims", "import": ["java.io.IOException", "javax.enterprise.concurrent.ManagedThreadFactory", "javax.naming.InitialContext", "javax.naming.NamingException", "javax.websocket.CloseReason", "javax.websocket.EndpointConfig", "javax.websocket.OnClose", "javax.websocket.OnError", "javax.websocket.OnMessage", "javax.websocket.OnOpen", "javax.websocket.Session", "javax.websocket.server.ServerEndpoint", "com.ibm.websphere.samples.daytrader.web.websocket.JsonDecoder", "com.ibm.websphere.samples.daytrader.web.websocket.JsonEncoder", "com.ibm.websphere.samples.daytrader.web.websocket.JsonMessage"], "PingWebSocketJson": "PingWebSocketJson", "Runnable": "PingWebSocketJson::Runnable"}, "daytrader7/daytrader-ee7-web/src/main/java/com/ibm/websphere/samples/daytrader/web/prims/PingManagedExecutor.java": {"package": "com.ibm.websphere.samples.daytrader.web.prims", "import": ["java.io.IOException", "javax.annotation.Resource", "javax.enterprise.concurrent.ManagedExecutorService", "javax.servlet.AsyncContext", "javax.servlet.ServletConfig", "javax.servlet.ServletException", "javax.servlet.ServletOutputStream", "javax.servlet.annotation.WebServlet", "javax.servlet.http.HttpServlet", "javax.servlet.http.HttpServletRequest", "javax.servlet.http.HttpServletResponse"], "PingManagedExecutor": "PingManagedExecutor", "Runnable": "PingManagedExecutor::Runnable"}, "daytrader7/daytrader-ee7-web/src/main/java/com/ibm/websphere/samples/daytrader/web/prims/PingServlet2PDF.java": {"package": "com.ibm.websphere.samples.daytrader.web.prims", "import": ["java.io.BufferedInputStream", "java.io.BufferedOutputStream", "java.io.IOException", "java.net.URL", "java.net.URLConnection", "javax.servlet.ServletException", "javax.servlet.ServletOutputStream", "javax.servlet.annotation.WebServlet", "javax.servlet.http.HttpServlet", "javax.servlet.http.HttpServletRequest", "javax.servlet.http.HttpServletResponse", "com.ibm.websphere.samples.daytrader.util.Log"], "PingServlet2PDF": "PingServlet2PDF"}, "daytrader7/daytrader-ee7-web/src/main/java/com/ibm/websphere/samples/daytrader/web/prims/PingManagedThread.java": {"package": "com.ibm.websphere.samples.daytrader.web.prims", "import": ["java.io.IOException", "javax.annotation.Resource", "javax.enterprise.concurrent.ManagedThreadFactory", "javax.servlet.AsyncContext", "javax.servlet.ServletConfig", "javax.servlet.ServletException", "javax.servlet.ServletOutputStream", "javax.servlet.annotation.WebServlet", "javax.servlet.http.HttpServlet", "javax.servlet.http.HttpServletRequest", "javax.servlet.http.HttpServletResponse", "com.ibm.websphere.samples.daytrader.util.Log"], "PingManagedThread": "PingManagedThread", "Runnable": "PingManagedThread::Runnable"}, "daytrader7/daytrader-ee7-web/src/main/java/com/ibm/websphere/samples/daytrader/web/prims/PingServletCDIBeanManagerViaJNDI.java": {"package": "com.ibm.websphere.samples.daytrader.web.prims", "import": ["java.io.IOException", "java.io.PrintWriter", "javax.inject.Inject", "javax.servlet.ServletConfig", "javax.servlet.ServletException", "javax.servlet.annotation.WebServlet", "javax.servlet.http.HttpServlet", "javax.servlet.http.HttpServletRequest", "javax.servlet.http.HttpServletResponse", "com.ibm.websphere.samples.daytrader.web.prims.PingCDIBean"], "PingServletCDIBeanManagerViaJNDI": "PingServletCDIBeanManagerViaJNDI"}, "daytrader7/daytrader-ee7-web/src/main/java/com/ibm/websphere/samples/daytrader/web/prims/PingServletCDIBeanManagerViaCDICurrent.java": {"package": "com.ibm.websphere.samples.daytrader.web.prims", "import": ["java.io.IOException", "java.io.PrintWriter", "javax.inject.Inject", "javax.servlet.ServletConfig", "javax.servlet.ServletException", "javax.servlet.annotation.WebServlet", "javax.servlet.http.HttpServlet", "javax.servlet.http.HttpServletRequest", "javax.servlet.http.HttpServletResponse", "com.ibm.websphere.samples.daytrader.web.prims.PingCDIBean"], "PingServletCDIBeanManagerViaCDICurrent": "PingServletCDIBeanManagerViaCDICurrent"}, "daytrader7/daytrader-ee7-web/src/main/java/com/ibm/websphere/samples/daytrader/web/prims/PingEJBLocalDecorator.java": {"package": "com.ibm.websphere.samples.daytrader.web.prims", "import": ["javax.annotation.Priority", "javax.decorator.Decorator", "javax.decorator.Delegate", "javax.inject.Inject", "javax.interceptor.Interceptor"], "PingEJBLocalDecorator": "PingEJBLocalDecorator"}, "daytrader7/daytrader-ee7-web/src/main/java/com/ibm/websphere/samples/daytrader/web/prims/PingServlet2DB.java": {"package": "com.ibm.websphere.samples.daytrader.web.prims", "import": ["java.io.IOException", "javax.servlet.ServletConfig", "javax.servlet.ServletException", "javax.servlet.annotation.WebServlet", "javax.servlet.http.HttpServlet", "javax.servlet.http.HttpServletRequest", "javax.servlet.http.HttpServletResponse", "com.ibm.websphere.samples.daytrader.direct.TradeDirect", "com.ibm.websphere.samples.daytrader.util.Log"], "PingServlet2DB": "PingServlet2DB"}, "daytrader7/daytrader-ee7-web/src/main/java/com/ibm/websphere/samples/daytrader/web/prims/PingWebSocketTextSync.java": {"package": "com.ibm.websphere.samples.daytrader.web.prims", "import": ["java.io.IOException", "javax.websocket.CloseReason", "javax.websocket.EndpointConfig", "javax.websocket.OnClose", "javax.websocket.OnError", "javax.websocket.OnMessage", "javax.websocket.OnOpen", "javax.websocket.Session", "javax.websocket.server.ServerEndpoint"], "PingWebSocketTextSync": "PingWebSocketTextSync"}, "daytrader7/daytrader-ee7-web/src/main/java/com/ibm/websphere/samples/daytrader/web/prims/ExplicitGC.java": {"package": "com.ibm.websphere.samples.daytrader.web.prims", "import": ["java.io.IOException", "javax.servlet.ServletConfig", "javax.servlet.ServletException", "javax.servlet.ServletOutputStream", "javax.servlet.annotation.WebServlet", "javax.servlet.http.HttpServlet", "javax.servlet.http.HttpServletRequest", "javax.servlet.http.HttpServletResponse", "com.ibm.websphere.samples.daytrader.util.Log"], "ExplicitGC": "ExplicitGC"}, "daytrader7/daytrader-ee7-web/src/main/java/com/ibm/websphere/samples/daytrader/web/prims/PingCDIJSFBean.java": {"package": "com.ibm.websphere.samples.daytrader.web.prims", "import": ["java.io.Serializable", "javax.enterprise.context.SessionScoped", "javax.inject.Named"], "PingCDIJSFBean": "PingCDIJSFBean"}, "daytrader7/daytrader-ee7-web/src/main/java/com/ibm/websphere/samples/daytrader/web/prims/PingServlet2Include.java": {"package": "com.ibm.websphere.samples.daytrader.web.prims", "import": ["java.io.IOException", "javax.servlet.ServletConfig", "javax.servlet.ServletException", "javax.servlet.annotation.WebServlet", "javax.servlet.http.HttpServlet", "javax.servlet.http.HttpServletRequest", "javax.servlet.http.HttpServletResponse", "com.ibm.websphere.samples.daytrader.util.Log", "com.ibm.websphere.samples.daytrader.util.TradeConfig"], "PingServlet2Include": "PingServlet2Include"}, "daytrader7/daytrader-ee7-web/src/main/java/com/ibm/websphere/samples/daytrader/web/prims/PingServletWriter.java": {"package": "com.ibm.websphere.samples.daytrader.web.prims", "import": ["java.io.IOException", "javax.servlet.ServletConfig", "javax.servlet.ServletException", "javax.servlet.annotation.WebServlet", "javax.servlet.http.HttpServlet", "javax.servlet.http.HttpServletRequest", "javax.servlet.http.HttpServletResponse", "com.ibm.websphere.samples.daytrader.util.Log"], "PingServletWriter": "PingServletWriter"}, "daytrader7/daytrader-ee7-web/src/main/java/com/ibm/websphere/samples/daytrader/web/prims/PingServletLargeContentLength.java": {"package": "com.ibm.websphere.samples.daytrader.web.prims", "import": ["java.io.IOException", "javax.servlet.ServletConfig", "javax.servlet.ServletException", "javax.servlet.annotation.WebServlet", "javax.servlet.http.HttpServlet", "javax.servlet.http.HttpServletRequest", "javax.servlet.http.HttpServletResponse"], "PingServletLargeContentLength": "PingServletLargeContentLength"}, "daytrader7/daytrader-ee7-web/src/main/java/com/ibm/websphere/samples/daytrader/web/prims/PingServlet31AsyncRead.java": {"package": "com.ibm.websphere.samples.daytrader.web.prims", "import": ["java.io.IOException", "javax.servlet.AsyncContext", "javax.servlet.ReadListener", "javax.servlet.ServletConfig", "javax.servlet.ServletException", "javax.servlet.ServletInputStream", "javax.servlet.ServletOutputStream", "javax.servlet.annotation.WebServlet", "javax.servlet.http.HttpServlet", "javax.servlet.http.HttpServletRequest", "javax.servlet.http.HttpServletResponse"], "PingServlet31AsyncRead": "PingServlet31AsyncRead", "ReadListenerImpl": "PingServlet31AsyncRead::ReadListenerImpl"}, "daytrader7/daytrader-ee7-web/src/main/java/com/ibm/websphere/samples/daytrader/web/prims/PingEJBLocal.java": {"package": "com.ibm.websphere.samples.daytrader.web.prims", "import": ["javax.ejb.Local", "javax.ejb.Stateful"], "PingEJBLocal": "PingEJBLocal"}, "daytrader7/daytrader-ee7-web/src/main/java/com/ibm/websphere/samples/daytrader/web/prims/PingServlet31Async.java": {"package": "com.ibm.websphere.samples.daytrader.web.prims", "import": ["java.io.IOException", "java.util.Queue", "java.util.concurrent.LinkedBlockingQueue", "javax.servlet.AsyncContext", "javax.servlet.ReadListener", "javax.servlet.ServletConfig", "javax.servlet.ServletException", "javax.servlet.ServletInputStream", "javax.servlet.ServletOutputStream", "javax.servlet.WriteListener", "javax.servlet.annotation.WebServlet", "javax.servlet.http.HttpServlet", "javax.servlet.http.HttpServletRequest", "javax.servlet.http.HttpServletResponse"], "PingServlet31Async": "PingServlet31Async", "ReadListenerImpl": "PingServlet31Async::ReadListenerImpl", "WriteListenerImpl": "PingServlet31Async::WriteListenerImpl"}, "daytrader7/daytrader-ee7-web/src/main/java/com/ibm/websphere/samples/daytrader/web/prims/PingServlet2ServletRcv.java": {"package": "com.ibm.websphere.samples.daytrader.web.prims", "import": ["java.io.IOException", "java.io.PrintWriter", "javax.servlet.ServletConfig", "javax.servlet.ServletException", "javax.servlet.annotation.WebServlet", "javax.servlet.http.HttpServlet", "javax.servlet.http.HttpServletRequest", "javax.servlet.http.HttpServletResponse", "com.ibm.websphere.samples.daytrader.util.Log"], "PingServlet2ServletRcv": "PingServlet2ServletRcv"}, "daytrader7/daytrader-ee7-web/src/main/java/com/ibm/websphere/samples/daytrader/web/prims/PingServlet2IncludeRcv.java": {"package": "com.ibm.websphere.samples.daytrader.web.prims", "import": ["java.io.IOException", "javax.servlet.ServletException", "javax.servlet.annotation.WebServlet", "javax.servlet.http.HttpServlet", "javax.servlet.http.HttpServletRequest", "javax.servlet.http.HttpServletResponse"], "PingServlet2IncludeRcv": "PingServlet2IncludeRcv"}, "daytrader7/daytrader-ee7-web/src/main/java/com/ibm/websphere/samples/daytrader/web/prims/PingServletCDI.java": {"package": "com.ibm.websphere.samples.daytrader.web.prims", "import": ["java.io.IOException", "java.io.PrintWriter", "javax.ejb.EJB", "javax.inject.Inject", "javax.servlet.ServletConfig", "javax.servlet.ServletException", "javax.servlet.annotation.WebServlet", "javax.servlet.http.HttpServlet", "javax.servlet.http.HttpServletRequest", "javax.servlet.http.HttpServletResponse", "com.ibm.websphere.samples.daytrader.web.prims.PingCDIBean"], "PingServletCDI": "PingServletCDI"}, "daytrader7/daytrader-ee7-web/src/main/java/com/ibm/websphere/samples/daytrader/web/prims/PingJDBCRead2JSP.java": {"package": "com.ibm.websphere.samples.daytrader.web.prims", "import": ["java.io.IOException", "javax.servlet.ServletConfig", "javax.servlet.ServletContext", "javax.servlet.ServletException", "javax.servlet.annotation.WebServlet", "javax.servlet.http.HttpServlet", "javax.servlet.http.HttpServletRequest", "javax.servlet.http.HttpServletResponse", "com.ibm.websphere.samples.daytrader.direct.TradeDirect", "com.ibm.websphere.samples.daytrader.entities.QuoteDataBean", "com.ibm.websphere.samples.daytrader.util.Log", "com.ibm.websphere.samples.daytrader.util.TradeConfig"], "PingJDBCRead2JSP": "PingJDBCRead2JSP"}, "daytrader7/daytrader-ee7-web/src/main/java/com/ibm/websphere/samples/daytrader/web/prims/PingServlet.java": {"package": "com.ibm.websphere.samples.daytrader.web.prims", "import": ["java.io.IOException", "javax.servlet.ServletConfig", "javax.servlet.ServletException", "javax.servlet.ServletOutputStream", "javax.servlet.annotation.WebServlet", "javax.servlet.http.HttpServlet", "javax.servlet.http.HttpServletRequest", "javax.servlet.http.HttpServletResponse", "com.ibm.websphere.samples.daytrader.util.Log"], "PingServlet": "PingServlet"}, "daytrader7/daytrader-ee7-web/src/main/java/com/ibm/websphere/samples/daytrader/web/prims/PingServlet2Servlet.java": {"package": "com.ibm.websphere.samples.daytrader.web.prims", "import": ["java.io.IOException", "javax.servlet.ServletException", "javax.servlet.annotation.WebServlet", "javax.servlet.http.HttpServlet", "javax.servlet.http.HttpServletRequest", "javax.servlet.http.HttpServletResponse", "com.ibm.websphere.samples.daytrader.util.Log"], "PingServlet2Servlet": "PingServlet2Servlet"}, "daytrader7/daytrader-ee7-web/src/main/java/com/ibm/websphere/samples/daytrader/web/prims/PingServlet30Async.java": {"package": "com.ibm.websphere.samples.daytrader.web.prims", "import": ["java.io.IOException", "javax.servlet.AsyncContext", "javax.servlet.ServletConfig", "javax.servlet.ServletException", "javax.servlet.ServletInputStream", "javax.servlet.ServletOutputStream", "javax.servlet.annotation.WebServlet", "javax.servlet.http.HttpServlet", "javax.servlet.http.HttpServletRequest", "javax.servlet.http.HttpServletResponse"], "PingServlet30Async": "PingServlet30Async"}, "daytrader7/daytrader-ee7-web/src/main/java/com/ibm/websphere/samples/daytrader/web/prims/PingBean.java": {"package": "com.ibm.websphere.samples.daytrader.web.prims", "PingBean": "PingBean"}, "daytrader7/daytrader-ee7-web/src/main/java/com/ibm/websphere/samples/daytrader/web/prims/PingSession3.java": {"package": "com.ibm.websphere.samples.daytrader.web.prims", "import": ["java.io.IOException", "java.io.PrintWriter", "javax.servlet.ServletConfig", "javax.servlet.ServletException", "javax.servlet.annotation.WebServlet", "javax.servlet.http.HttpServlet", "javax.servlet.http.HttpServletRequest", "javax.servlet.http.HttpServletResponse", "javax.servlet.http.HttpSession", "com.ibm.websphere.samples.daytrader.util.Log"], "PingSession3": "PingSession3"}, "daytrader7/daytrader-ee7-web/src/main/java/com/ibm/websphere/samples/daytrader/web/prims/PingJDBCWrite.java": {"package": "com.ibm.websphere.samples.daytrader.web.prims", "import": ["java.io.IOException", "java.math.BigDecimal", "javax.servlet.ServletConfig", "javax.servlet.ServletException", "javax.servlet.annotation.WebServlet", "javax.servlet.http.HttpServlet", "javax.servlet.http.HttpServletRequest", "javax.servlet.http.HttpServletResponse", "com.ibm.websphere.samples.daytrader.direct.TradeDirect", "com.ibm.websphere.samples.daytrader.entities.QuoteDataBean", "com.ibm.websphere.samples.daytrader.util.Log", "com.ibm.websphere.samples.daytrader.util.TradeConfig"], "PingJDBCWrite": "PingJDBCWrite"}, "daytrader7/daytrader-ee7-web/src/main/java/com/ibm/websphere/samples/daytrader/web/prims/PingInterceptor.java": {"package": "com.ibm.websphere.samples.daytrader.web.prims", "import": ["java.io.Serializable", "javax.annotation.Priority", "javax.interceptor.AroundInvoke", "javax.interceptor.Interceptor", "javax.interceptor.InvocationContext"], "PingInterceptor": "PingInterceptor"}, "daytrader7/daytrader-ee7-web/src/main/java/com/ibm/websphere/samples/daytrader/web/prims/PingSession3Object.java": {"package": "com.ibm.websphere.samples.daytrader.web.prims", "import": ["java.io.Serializable"], "PingSession3Object": "PingSession3Object"}, "daytrader7/daytrader-ee7-web/src/main/java/com/ibm/websphere/samples/daytrader/web/prims/PingUpgradeServlet.java": {"package": "com.ibm.websphere.samples.daytrader.web.prims", "import": ["java.io.IOException", "javax.servlet.ReadListener", "javax.servlet.ServletException", "javax.servlet.ServletInputStream", "javax.servlet.ServletOutputStream", "javax.servlet.http.HttpServlet", "javax.servlet.http.HttpServletRequest", "javax.servlet.http.HttpServletResponse", "javax.servlet.http.HttpUpgradeHandler", "javax.servlet.http.WebConnection", "javax.servlet.annotation.WebServlet", "com.ibm.websphere.samples.daytrader.util.Log"], "PingUpgradeServlet": "PingUpgradeServlet", "Handler": "PingUpgradeServlet::Handler", "Listener": "PingUpgradeServlet::Listener"}, "daytrader7/daytrader-ee7-web/src/main/java/com/ibm/websphere/samples/daytrader/web/prims/PingWebSocketTextAsync.java": {"package": "com.ibm.websphere.samples.daytrader.web.prims", "import": ["javax.websocket.CloseReason", "javax.websocket.EndpointConfig", "javax.websocket.OnClose", "javax.websocket.OnError", "javax.websocket.OnMessage", "javax.websocket.OnOpen", "javax.websocket.Session", "javax.websocket.server.ServerEndpoint"], "PingWebSocketTextAsync": "PingWebSocketTextAsync"}, "daytrader7/daytrader-ee7-web/src/main/java/com/ibm/websphere/samples/daytrader/web/prims/PingSession2.java": {"package": "com.ibm.websphere.samples.daytrader.web.prims", "import": ["java.io.IOException", "java.io.PrintWriter", "javax.servlet.ServletConfig", "javax.servlet.ServletException", "javax.servlet.annotation.WebServlet", "javax.servlet.http.HttpServlet", "javax.servlet.http.HttpServletRequest", "javax.servlet.http.HttpServletResponse", "javax.servlet.http.HttpSession", "com.ibm.websphere.samples.daytrader.util.Log"], "PingSession2": "PingSession2"}, "daytrader7/daytrader-ee7-web/src/main/java/com/ibm/websphere/samples/daytrader/web/prims/PingCDIBean.java": {"package": "com.ibm.websphere.samples.daytrader.web.prims", "import": ["java.util.Set", "javax.enterprise.context.RequestScoped", "javax.enterprise.inject.spi.Bean", "javax.enterprise.inject.spi.BeanManager", "javax.enterprise.inject.spi.CDI", "javax.naming.InitialContext"], "PingCDIBean": "PingCDIBean"}, "daytrader7/daytrader-ee7-web/src/main/java/com/ibm/websphere/samples/daytrader/web/prims/ejb3/PingServlet2Session2CMROne2Many.java": {"package": "com.ibm.websphere.samples.daytrader.web.prims.ejb3", "import": ["java.io.IOException", "java.util.Collection", "java.util.Iterator", "javax.ejb.EJB", "javax.servlet.ServletConfig", "javax.servlet.ServletException", "javax.servlet.annotation.WebServlet", "javax.servlet.http.HttpServlet", "javax.servlet.http.HttpServletRequest", "javax.servlet.http.HttpServletResponse", "com.ibm.websphere.samples.daytrader.ejb3.TradeSLSBBean", "com.ibm.websphere.samples.daytrader.entities.OrderDataBean", "com.ibm.websphere.samples.daytrader.util.Log", "com.ibm.websphere.samples.daytrader.util.TradeConfig"], "PingServlet2Session2CMROne2Many": "PingServlet2Session2CMROne2Many"}, "daytrader7/daytrader-ee7-web/src/main/java/com/ibm/websphere/samples/daytrader/web/prims/ejb3/PingServlet2SessionRemote.java": {"package": "com.ibm.websphere.samples.daytrader.web.prims.ejb3", "import": ["java.io.IOException", "javax.ejb.EJB", "javax.naming.InitialContext", "javax.servlet.ServletConfig", "javax.servlet.ServletException", "javax.servlet.annotation.WebServlet", "javax.servlet.http.HttpServlet", "javax.servlet.http.HttpServletRequest", "javax.servlet.http.HttpServletResponse", "com.ibm.websphere.samples.daytrader.ejb3.TradeSLSBRemote", "com.ibm.websphere.samples.daytrader.util.Log", "com.ibm.websphere.samples.daytrader.util.TradeConfig"], "PingServlet2SessionRemote": "PingServlet2SessionRemote"}, "daytrader7/daytrader-ee7-web/src/main/java/com/ibm/websphere/samples/daytrader/web/prims/ejb3/PingServlet2Session2Entity.java": {"package": "com.ibm.websphere.samples.daytrader.web.prims.ejb3", "import": ["java.io.IOException", "javax.ejb.EJB", "javax.naming.InitialContext", "javax.servlet.ServletConfig", "javax.servlet.ServletException", "javax.servlet.annotation.WebServlet", "javax.servlet.http.HttpServlet", "javax.servlet.http.HttpServletRequest", "javax.servlet.http.HttpServletResponse", "com.ibm.websphere.samples.daytrader.ejb3.TradeSLSBBean", "com.ibm.websphere.samples.daytrader.entities.QuoteDataBean", "com.ibm.websphere.samples.daytrader.util.Log", "com.ibm.websphere.samples.daytrader.util.TradeConfig"], "PingServlet2Session2Entity": "PingServlet2Session2Entity"}, "daytrader7/daytrader-ee7-web/src/main/java/com/ibm/websphere/samples/daytrader/web/prims/ejb3/PingServlet2MDBTopic.java": {"package": "com.ibm.websphere.samples.daytrader.web.prims.ejb3", "import": ["java.io.IOException", "javax.annotation.Resource", "javax.jms.Connection", "javax.jms.ConnectionFactory", "javax.jms.JMSContext", "javax.jms.TextMessage", "javax.jms.Topic", "javax.servlet.ServletConfig", "javax.servlet.ServletException", "javax.servlet.annotation.WebServlet", "javax.servlet.http.HttpServlet", "javax.servlet.http.HttpServletRequest", "javax.servlet.http.HttpServletResponse", "com.ibm.websphere.samples.daytrader.util.Log", "com.ibm.websphere.samples.daytrader.util.TradeConfig"], "PingServlet2MDBTopic": "PingServlet2MDBTopic"}, "daytrader7/daytrader-ee7-web/src/main/java/com/ibm/websphere/samples/daytrader/web/prims/ejb3/PingServlet2Entity.java": {"package": "com.ibm.websphere.samples.daytrader.web.prims.ejb3", "import": ["java.io.IOException", "javax.persistence.EntityManager", "javax.persistence.PersistenceContext", "javax.servlet.ServletConfig", "javax.servlet.ServletException", "javax.servlet.http.HttpServlet", "javax.servlet.http.HttpServletRequest", "javax.servlet.http.HttpServletResponse", "com.ibm.websphere.samples.daytrader.entities.QuoteDataBean", "com.ibm.websphere.samples.daytrader.util.Log", "com.ibm.websphere.samples.daytrader.util.TradeConfig"], "PingServlet2Entity": "PingServlet2Entity"}, "daytrader7/daytrader-ee7-web/src/main/java/com/ibm/websphere/samples/daytrader/web/prims/ejb3/PingServlet2SessionLocal.java": {"package": "com.ibm.websphere.samples.daytrader.web.prims.ejb3", "import": ["java.io.IOException", "javax.ejb.EJB", "javax.naming.InitialContext", "javax.servlet.ServletConfig", "javax.servlet.ServletException", "javax.servlet.annotation.WebServlet", "javax.servlet.http.HttpServlet", "javax.servlet.http.HttpServletRequest", "javax.servlet.http.HttpServletResponse", "com.ibm.websphere.samples.daytrader.ejb3.TradeSLSBLocal", "com.ibm.websphere.samples.daytrader.util.Log", "com.ibm.websphere.samples.daytrader.util.TradeConfig"], "PingServlet2SessionLocal": "PingServlet2SessionLocal"}, "daytrader7/daytrader-ee7-web/src/main/java/com/ibm/websphere/samples/daytrader/web/prims/ejb3/PingServlet2Session2CMROne2One.java": {"package": "com.ibm.websphere.samples.daytrader.web.prims.ejb3", "import": ["java.io.IOException", "javax.ejb.EJB", "javax.servlet.ServletConfig", "javax.servlet.ServletException", "javax.servlet.annotation.WebServlet", "javax.servlet.http.HttpServlet", "javax.servlet.http.HttpServletRequest", "javax.servlet.http.HttpServletResponse", "com.ibm.websphere.samples.daytrader.ejb3.TradeSLSBBean", "com.ibm.websphere.samples.daytrader.entities.AccountProfileDataBean", "com.ibm.websphere.samples.daytrader.util.Log", "com.ibm.websphere.samples.daytrader.util.TradeConfig"], "PingServlet2Session2CMROne2One": "PingServlet2Session2CMROne2One"}, "daytrader7/daytrader-ee7-web/src/main/java/com/ibm/websphere/samples/daytrader/web/prims/ejb3/PingServlet2TwoPhase.java": {"package": "com.ibm.websphere.samples.daytrader.web.prims.ejb3", "import": ["java.io.IOException", "javax.ejb.EJB", "javax.servlet.ServletConfig", "javax.servlet.ServletException", "javax.servlet.annotation.WebServlet", "javax.servlet.http.HttpServlet", "javax.servlet.http.HttpServletRequest", "javax.servlet.http.HttpServletResponse", "com.ibm.websphere.samples.daytrader.ejb3.TradeSLSBBean", "com.ibm.websphere.samples.daytrader.entities.QuoteDataBean", "com.ibm.websphere.samples.daytrader.util.Log", "com.ibm.websphere.samples.daytrader.util.TradeConfig"], "PingServlet2TwoPhase": "PingServlet2TwoPhase"}, "daytrader7/daytrader-ee7-web/src/main/java/com/ibm/websphere/samples/daytrader/web/prims/ejb3/PingServlet2Session2EntityCollection.java": {"package": "com.ibm.websphere.samples.daytrader.web.prims.ejb3", "import": ["java.io.IOException", "java.util.Collection", "java.util.Iterator", "javax.ejb.EJB", "javax.servlet.ServletConfig", "javax.servlet.ServletException", "javax.servlet.annotation.WebServlet", "javax.servlet.http.HttpServlet", "javax.servlet.http.HttpServletRequest", "javax.servlet.http.HttpServletResponse", "com.ibm.websphere.samples.daytrader.ejb3.TradeSLSBBean", "com.ibm.websphere.samples.daytrader.entities.HoldingDataBean", "com.ibm.websphere.samples.daytrader.util.Log", "com.ibm.websphere.samples.daytrader.util.TradeConfig"], "PingServlet2Session2EntityCollection": "PingServlet2Session2EntityCollection"}, "daytrader7/daytrader-ee7-web/src/main/java/com/ibm/websphere/samples/daytrader/web/prims/ejb3/PingServlet2Session2Entity2JSP.java": {"package": "com.ibm.websphere.samples.daytrader.web.prims.ejb3", "import": ["java.io.IOException", "javax.ejb.EJB", "javax.naming.InitialContext", "javax.servlet.ServletConfig", "javax.servlet.ServletContext", "javax.servlet.ServletException", "javax.servlet.annotation.WebServlet", "javax.servlet.http.HttpServlet", "javax.servlet.http.HttpServletRequest", "javax.servlet.http.HttpServletResponse", "com.ibm.websphere.samples.daytrader.ejb3.TradeSLSBBean", "com.ibm.websphere.samples.daytrader.entities.QuoteDataBean", "com.ibm.websphere.samples.daytrader.util.Log", "com.ibm.websphere.samples.daytrader.util.TradeConfig"], "PingServlet2Session2Entity2JSP": "PingServlet2Session2Entity2JSP"}, "daytrader7/daytrader-ee7-web/src/main/java/com/ibm/websphere/samples/daytrader/web/prims/ejb3/PingServlet2MDBQueue.java": {"package": "com.ibm.websphere.samples.daytrader.web.prims.ejb3", "import": ["java.io.IOException", "javax.annotation.Resource", "javax.jms.Connection", "javax.jms.ConnectionFactory", "javax.jms.JMSContext", "javax.jms.Queue", "javax.jms.TextMessage", "javax.servlet.ServletConfig", "javax.servlet.ServletException", "javax.servlet.annotation.WebServlet", "javax.servlet.http.HttpServlet", "javax.servlet.http.HttpServletRequest", "javax.servlet.http.HttpServletResponse", "com.ibm.websphere.samples.daytrader.util.Log", "com.ibm.websphere.samples.daytrader.util.TradeConfig"], "PingServlet2MDBQueue": "PingServlet2MDBQueue"}, "daytrader7/daytrader-ee7-web/src/main/java/com/ibm/websphere/samples/daytrader/web/jsf/HoldingData.java": {"package": "com.ibm.websphere.samples.daytrader.web.jsf", "import": ["java.io.Serializable", "java.math.BigDecimal", "java.util.Date", "javax.enterprise.context.SessionScoped", "javax.inject.Named", "com.ibm.websphere.samples.daytrader.util.FinancialUtils"], "HoldingData": "HoldingData"}, "daytrader7/daytrader-ee7-web/src/main/java/com/ibm/websphere/samples/daytrader/web/jsf/QuoteJSF.java": {"package": "com.ibm.websphere.samples.daytrader.web.jsf", "import": ["javax.annotation.PostConstruct", "javax.enterprise.context.RequestScoped", "javax.faces.component.html.HtmlDataTable", "javax.faces.context.ExternalContext", "javax.inject.Inject", "javax.inject.Named", "javax.servlet.http.HttpSession", "com.ibm.websphere.samples.daytrader.TradeAction", "com.ibm.websphere.samples.daytrader.entities.OrderDataBean", "com.ibm.websphere.samples.daytrader.entities.QuoteDataBean", "com.ibm.websphere.samples.daytrader.util.Log", "com.ibm.websphere.samples.daytrader.util.TradeConfig"], "QuoteJSF": "QuoteJSF"}, "daytrader7/daytrader-ee7-web/src/main/java/com/ibm/websphere/samples/daytrader/web/jsf/TradeAppJSF.java": {"package": "com.ibm.websphere.samples.daytrader.web.jsf", "import": ["java.io.Serializable", "java.math.BigDecimal", "javax.enterprise.context.SessionScoped", "javax.faces.context.ExternalContext", "javax.inject.Inject", "javax.inject.Named", "javax.servlet.ServletException", "javax.servlet.http.HttpServletRequest", "javax.servlet.http.HttpSession", "com.ibm.websphere.samples.daytrader.TradeAction", "com.ibm.websphere.samples.daytrader.entities.AccountDataBean", "com.ibm.websphere.samples.daytrader.entities.AccountProfileDataBean", "com.ibm.websphere.samples.daytrader.util.Log"], "TradeAppJSF": "TradeAppJSF"}, "daytrader7/daytrader-ee7-web/src/main/java/com/ibm/websphere/samples/daytrader/web/jsf/LoginValidator.java": {"package": "com.ibm.websphere.samples.daytrader.web.jsf", "import": ["java.util.regex.Matcher", "java.util.regex.Pattern", "javax.faces.application.FacesMessage", "javax.faces.component.UIComponent", "javax.faces.context.FacesContext", "javax.faces.validator.FacesValidator", "javax.faces.validator.Validator", "javax.faces.validator.ValidatorException", "com.ibm.websphere.samples.daytrader.util.Log"], "LoginValidator": "LoginValidator"}, "daytrader7/daytrader-ee7-web/src/main/java/com/ibm/websphere/samples/daytrader/web/jsf/OrderDataJSF.java": {"package": "com.ibm.websphere.samples.daytrader.web.jsf", "import": ["java.math.BigDecimal", "java.util.ArrayList", "javax.annotation.PostConstruct", "javax.faces.context.ExternalContext", "javax.inject.Inject", "javax.inject.Named", "javax.servlet.http.HttpSession", "com.ibm.websphere.samples.daytrader.TradeAction", "com.ibm.websphere.samples.daytrader.entities.OrderDataBean", "com.ibm.websphere.samples.daytrader.util.TradeConfig"], "OrderDataJSF": "OrderDataJSF"}, "daytrader7/daytrader-ee7-web/src/main/java/com/ibm/websphere/samples/daytrader/web/jsf/JSFLoginFilter.java": {"package": "com.ibm.websphere.samples.daytrader.web.jsf", "import": ["java.io.IOException", "javax.servlet.Filter", "javax.servlet.FilterChain", "javax.servlet.FilterConfig", "javax.servlet.ServletException", "javax.servlet.ServletRequest", "javax.servlet.ServletResponse", "javax.servlet.annotation.WebFilter", "javax.servlet.http.HttpServletRequest", "javax.servlet.http.HttpServletResponse", "javax.servlet.http.HttpSession"], "JSFLoginFilter": "JSFLoginFilter"}, "daytrader7/daytrader-ee7-web/src/main/java/com/ibm/websphere/samples/daytrader/web/jsf/TradeActionProducer.java": {"package": "com.ibm.websphere.samples.daytrader.web.jsf", "import": ["javax.enterprise.context.RequestScoped", "javax.enterprise.inject.Produces", "com.ibm.websphere.samples.daytrader.TradeAction"], "TradeActionProducer": "TradeActionProducer"}, "daytrader7/daytrader-ee7-web/src/main/java/com/ibm/websphere/samples/daytrader/web/jsf/ExternalContextProducer.java": {"package": "com.ibm.websphere.samples.daytrader.web.jsf", "import": ["javax.enterprise.context.RequestScoped", "javax.enterprise.inject.Produces", "javax.faces.context.ExternalContext", "javax.faces.context.FacesContext"], "ExternalContextProducer": "ExternalContextProducer"}, "daytrader7/daytrader-ee7-web/src/main/java/com/ibm/websphere/samples/daytrader/web/jsf/OrderData.java": {"package": "com.ibm.websphere.samples.daytrader.web.jsf", "import": ["java.math.BigDecimal", "java.util.Date"], "OrderData": "OrderData"}, "daytrader7/daytrader-ee7-web/src/main/java/com/ibm/websphere/samples/daytrader/web/jsf/QuoteData.java": {"package": "com.ibm.websphere.samples.daytrader.web.jsf", "import": ["java.math.BigDecimal", "java.text.DecimalFormat", "com.ibm.websphere.samples.daytrader.util.FinancialUtils"], "QuoteData": "QuoteData"}, "daytrader7/daytrader-ee7-web/src/main/java/com/ibm/websphere/samples/daytrader/web/jsf/TradeConfigJSF.java": {"package": "com.ibm.websphere.samples.daytrader.web.jsf", "import": ["javax.enterprise.context.RequestScoped", "javax.faces.context.ExternalContext", "javax.inject.Inject", "javax.inject.Named", "javax.servlet.http.HttpSession", "com.ibm.websphere.samples.daytrader.TradeAction", "com.ibm.websphere.samples.daytrader.beans.RunStatsDataBean", "com.ibm.websphere.samples.daytrader.direct.TradeDirect", "com.ibm.websphere.samples.daytrader.util.Log", "com.ibm.websphere.samples.daytrader.util.TradeConfig", "com.ibm.websphere.samples.daytrader.web.TradeBuildDB"], "TradeConfigJSF": "TradeConfigJSF"}, "daytrader7/daytrader-ee7-web/src/main/java/com/ibm/websphere/samples/daytrader/web/jsf/AccountDataJSF.java": {"package": "com.ibm.websphere.samples.daytrader.web.jsf", "import": ["java.math.BigDecimal", "java.util.ArrayList", "java.util.Collection", "java.util.Date", "java.util.Iterator", "javax.annotation.PostConstruct", "javax.enterprise.context.RequestScoped", "javax.faces.context.ExternalContext", "javax.inject.Inject", "javax.inject.Named", "javax.servlet.http.HttpSession", "com.ibm.websphere.samples.daytrader.TradeAction", "com.ibm.websphere.samples.daytrader.entities.AccountDataBean", "com.ibm.websphere.samples.daytrader.entities.OrderDataBean", "com.ibm.websphere.samples.daytrader.util.FinancialUtils", "com.ibm.websphere.samples.daytrader.util.TradeConfig"], "AccountDataJSF": "AccountDataJSF"}, "daytrader7/daytrader-ee7-web/src/main/java/com/ibm/websphere/samples/daytrader/web/jsf/PortfolioJSF.java": {"package": "com.ibm.websphere.samples.daytrader.web.jsf", "import": ["java.math.BigDecimal", "java.util.ArrayList", "java.util.Collection", "java.util.Iterator", "javax.annotation.PostConstruct", "javax.enterprise.context.RequestScoped", "javax.faces.component.html.HtmlDataTable", "javax.faces.context.ExternalContext", "javax.inject.Inject", "javax.inject.Named", "javax.servlet.http.HttpSession", "com.ibm.websphere.samples.daytrader.TradeAction", "com.ibm.websphere.samples.daytrader.entities.HoldingDataBean", "com.ibm.websphere.samples.daytrader.entities.OrderDataBean", "com.ibm.websphere.samples.daytrader.entities.QuoteDataBean", "com.ibm.websphere.samples.daytrader.util.FinancialUtils", "com.ibm.websphere.samples.daytrader.util.TradeConfig"], "PortfolioJSF": "PortfolioJSF"}, "daytrader7/daytrader-ee7-web/src/main/java/com/ibm/websphere/samples/daytrader/web/jsf/MarketSummaryJSF.java": {"package": "com.ibm.websphere.samples.daytrader.web.jsf", "import": ["java.math.BigDecimal", "java.math.RoundingMode", "java.util.Collection", "java.util.Date", "java.util.Iterator", "javax.annotation.PostConstruct", "javax.enterprise.context.RequestScoped", "javax.inject.Inject", "javax.inject.Named", "com.ibm.websphere.samples.daytrader.TradeAction", "com.ibm.websphere.samples.daytrader.beans.MarketSummaryDataBean", "com.ibm.websphere.samples.daytrader.entities.QuoteDataBean", "com.ibm.websphere.samples.daytrader.util.FinancialUtils"], "MarketSummaryJSF": "MarketSummaryJSF"}, "daytrader7/daytrader-ee7-ejb/src/main/java/com/ibm/websphere/samples/daytrader/TradeAction.java": {"package": "com.ibm.websphere.samples.daytrader", "import": ["java.io.InputStream", "java.math.BigDecimal", "java.util.Collection", "javax.xml.parsers.DocumentBuilderFactory", "javax.xml.parsers.DocumentBuilder", "org.w3c.dom.Document", "org.w3c.dom.NodeList", "org.w3c.dom.Element", "javax.naming.InitialContext", "com.ibm.websphere.samples.daytrader.beans.MarketSummaryDataBean", "com.ibm.websphere.samples.daytrader.beans.RunStatsDataBean", "com.ibm.websphere.samples.daytrader.direct.TradeDirect", "com.ibm.websphere.samples.daytrader.ejb3.TradeSLSBLocal", "com.ibm.websphere.samples.daytrader.ejb3.TradeSLSBRemote", "com.ibm.websphere.samples.daytrader.entities.AccountDataBean", "com.ibm.websphere.samples.daytrader.entities.AccountProfileDataBean", "com.ibm.websphere.samples.daytrader.entities.HoldingDataBean", "com.ibm.websphere.samples.daytrader.entities.OrderDataBean", "com.ibm.websphere.samples.daytrader.entities.QuoteDataBean", "com.ibm.websphere.samples.daytrader.util.FinancialUtils", "com.ibm.websphere.samples.daytrader.util.Log", "com.ibm.websphere.samples.daytrader.util.TradeConfig"], "TradeAction": "TradeAction"}, "daytrader7/daytrader-ee7-ejb/src/main/java/com/ibm/websphere/samples/daytrader/direct/KeySequenceDirect.java": {"package": "com.ibm.websphere.samples.daytrader.direct", "import": ["java.sql.Connection", "java.sql.PreparedStatement", "java.sql.ResultSet", "java.util.Collection", "java.util.HashMap", "java.util.Iterator", "com.ibm.websphere.samples.daytrader.util.KeyBlock", "com.ibm.websphere.samples.daytrader.util.Log", "com.ibm.websphere.samples.daytrader.util.TradeConfig"], "KeySequenceDirect": "KeySequenceDirect"}, "daytrader7/daytrader-ee7-ejb/src/main/java/com/ibm/websphere/samples/daytrader/direct/TradeDirect.java": {"package": "com.ibm.websphere.samples.daytrader.direct", "import": ["java.math.BigDecimal", "java.sql.Connection", "java.sql.DatabaseMetaData", "java.sql.PreparedStatement", "java.sql.ResultSet", "java.sql.SQLException", "java.sql.Statement", "java.sql.Timestamp", "java.util.ArrayList", "java.util.Collection", "javax.enterprise.concurrent.ManagedThreadFactory", "javax.jms.ConnectionFactory", "javax.jms.JMSContext", "javax.jms.JMSException", "javax.jms.Queue", "javax.jms.TextMessage", "javax.jms.Topic", "javax.naming.InitialContext", "javax.sql.DataSource", "javax.transaction.UserTransaction", "com.ibm.websphere.samples.daytrader.TradeAction", "com.ibm.websphere.samples.daytrader.TradeServices", "com.ibm.websphere.samples.daytrader.beans.MarketSummaryDataBean", "com.ibm.websphere.samples.daytrader.beans.RunStatsDataBean", "com.ibm.websphere.samples.daytrader.entities.AccountDataBean", "com.ibm.websphere.samples.daytrader.entities.AccountProfileDataBean", "com.ibm.websphere.samples.daytrader.entities.HoldingDataBean", "com.ibm.websphere.samples.daytrader.entities.OrderDataBean", "com.ibm.websphere.samples.daytrader.entities.QuoteDataBean", "com.ibm.websphere.samples.daytrader.util.CompleteOrderThread", "com.ibm.websphere.samples.daytrader.util.FinancialUtils", "com.ibm.websphere.samples.daytrader.util.Log", "com.ibm.websphere.samples.daytrader.util.MDBStats", "com.ibm.websphere.samples.daytrader.util.TradeConfig"], "TradeDirect": "TradeDirect"}, "daytrader7/daytrader-ee7-ejb/src/main/java/com/ibm/websphere/samples/daytrader/util/MDBStats.java": {"package": "com.ibm.websphere.samples.daytrader.util", "MDBStats": "MDBStats"}, "daytrader7/daytrader-ee7-ejb/src/main/java/com/ibm/websphere/samples/daytrader/util/FinancialUtils.java": {"package": "com.ibm.websphere.samples.daytrader.util", "import": ["java.math.BigDecimal", "java.util.Collection", "java.util.Iterator", "com.ibm.websphere.samples.daytrader.entities.HoldingDataBean"], "FinancialUtils": "FinancialUtils"}, "daytrader7/daytrader-ee7-ejb/src/main/java/com/ibm/websphere/samples/daytrader/util/TimerStat.java": {"package": "com.ibm.websphere.samples.daytrader.util", "TimerStat": "TimerStat"}, "daytrader7/daytrader-ee7-ejb/src/main/java/com/ibm/websphere/samples/daytrader/util/CompleteOrderThread.java": {"package": "com.ibm.websphere.samples.daytrader.util", "import": ["javax.ejb.EJBException", "javax.naming.InitialContext", "javax.transaction.UserTransaction", "com.ibm.websphere.samples.daytrader.TradeServices", "com.ibm.websphere.samples.daytrader.direct.TradeDirect", "com.ibm.websphere.samples.daytrader.ejb3.TradeSLSBBean"], "CompleteOrderThread": "CompleteOrderThread"}, "daytrader7/daytrader-ee7-ejb/src/main/java/com/ibm/websphere/samples/daytrader/util/Log.java": {"package": "com.ibm.websphere.samples.daytrader.util", "import": ["java.util.Collection", "java.util.Iterator", "java.util.logging.Level", "java.util.logging.Logger"], "Log": "Log"}, "daytrader7/daytrader-ee7-ejb/src/main/java/com/ibm/websphere/samples/daytrader/util/TradeConfig.java": {"package": "com.ibm.websphere.samples.daytrader.util", "import": ["java.math.BigDecimal", "java.util.ArrayList", "java.util.Random"], "TradeConfig": "TradeConfig"}, "daytrader7/daytrader-ee7-ejb/src/main/java/com/ibm/websphere/samples/daytrader/util/KeyBlock.java": {"package": "com.ibm.websphere.samples.daytrader.util", "import": ["java.util.AbstractSequentialList", "java.util.ListIterator"], "KeyBlock": "KeyBlock", "KeyBlockIterator": "KeyBlock::KeyBlockIterator"}, "daytrader7/daytrader-ee7-ejb/src/main/java/com/ibm/websphere/samples/daytrader/beans/RunStatsDataBean.java": {"package": "com.ibm.websphere.samples.daytrader.beans", "import": ["java.io.Serializable"], "RunStatsDataBean": "RunStatsDataBean"}, "daytrader7/daytrader-ee7-ejb/src/main/java/com/ibm/websphere/samples/daytrader/beans/MarketSummaryDataBean.java": {"package": "com.ibm.websphere.samples.daytrader.beans", "import": ["java.io.Serializable", "java.math.BigDecimal", "java.util.ArrayList", "java.util.Collection", "java.util.Date", "java.util.Iterator", "javax.json.Json", "javax.json.JsonObject", "javax.json.JsonObjectBuilder", "com.ibm.websphere.samples.daytrader.entities.QuoteDataBean", "com.ibm.websphere.samples.daytrader.util.FinancialUtils", "com.ibm.websphere.samples.daytrader.util.Log", "com.ibm.websphere.samples.daytrader.util.TradeConfig"], "MarketSummaryDataBean": "MarketSummaryDataBean"}, "daytrader7/daytrader-ee7-ejb/src/main/java/com/ibm/websphere/samples/daytrader/entities/QuoteDataBean.java": {"package": "com.ibm.websphere.samples.daytrader.entities", "import": ["java.io.Serializable", "java.math.BigDecimal", "javax.persistence.Column", "javax.persistence.Entity", "javax.persistence.Id", "javax.persistence.NamedNativeQueries", "javax.persistence.NamedNativeQuery", "javax.persistence.NamedQueries", "javax.persistence.NamedQuery", "javax.persistence.Table", "javax.validation.constraints.NotNull", "com.ibm.websphere.samples.daytrader.util.Log", "com.ibm.websphere.samples.daytrader.util.TradeConfig"], "QuoteDataBean": "QuoteDataBean"}, "daytrader7/daytrader-ee7-ejb/src/main/java/com/ibm/websphere/samples/daytrader/entities/AccountProfileDataBean.java": {"package": "com.ibm.websphere.samples.daytrader.entities", "import": ["javax.persistence.Column", "javax.persistence.Entity", "javax.persistence.FetchType", "javax.persistence.Id", "javax.persistence.OneToOne", "javax.persistence.Table", "javax.validation.constraints.NotNull", "com.ibm.websphere.samples.daytrader.util.Log", "com.ibm.websphere.samples.daytrader.util.TradeConfig"], "AccountProfileDataBean": "AccountProfileDataBean"}, "daytrader7/daytrader-ee7-ejb/src/main/java/com/ibm/websphere/samples/daytrader/entities/OrderDataBean.java": {"package": "com.ibm.websphere.samples.daytrader.entities", "import": ["java.io.Serializable", "java.math.BigDecimal", "java.util.Date", "javax.persistence.Column", "javax.persistence.Entity", "javax.persistence.FetchType", "javax.persistence.GeneratedValue", "javax.persistence.GenerationType", "javax.persistence.Id", "javax.persistence.JoinColumn", "javax.persistence.ManyToOne", "javax.persistence.NamedQueries", "javax.persistence.NamedQuery", "javax.persistence.OneToOne", "javax.persistence.Table", "javax.persistence.TableGenerator", "javax.persistence.Temporal", "javax.persistence.TemporalType", "javax.persistence.Transient", "javax.validation.constraints.NotNull", "com.ibm.websphere.samples.daytrader.util.Log", "com.ibm.websphere.samples.daytrader.util.TradeConfig"], "OrderDataBean": "OrderDataBean"}, "daytrader7/daytrader-ee7-ejb/src/main/java/com/ibm/websphere/samples/daytrader/entities/AccountDataBean.java": {"package": "com.ibm.websphere.samples.daytrader.entities", "import": ["java.io.Serializable", "java.math.BigDecimal", "java.sql.Timestamp", "java.util.Collection", "java.util.Date", "javax.ejb.EJBException", "javax.persistence.Column", "javax.persistence.Entity", "javax.persistence.FetchType", "javax.persistence.GeneratedValue", "javax.persistence.GenerationType", "javax.persistence.Id", "javax.persistence.JoinColumn", "javax.persistence.OneToMany", "javax.persistence.OneToOne", "javax.persistence.Table", "javax.persistence.TableGenerator", "javax.persistence.Temporal", "javax.persistence.TemporalType", "javax.persistence.Transient", "javax.validation.constraints.NotNull", "com.ibm.websphere.samples.daytrader.util.Log", "com.ibm.websphere.samples.daytrader.util.TradeConfig"], "AccountDataBean": "AccountDataBean"}, "daytrader7/daytrader-ee7-ejb/src/main/java/com/ibm/websphere/samples/daytrader/entities/HoldingDataBean.java": {"package": "com.ibm.websphere.samples.daytrader.entities", "import": ["java.io.Serializable", "java.math.BigDecimal", "java.util.Date", "javax.persistence.Column", "javax.persistence.Entity", "javax.persistence.FetchType", "javax.persistence.GeneratedValue", "javax.persistence.GenerationType", "javax.persistence.Id", "javax.persistence.JoinColumn", "javax.persistence.ManyToOne", "javax.persistence.Table", "javax.persistence.TableGenerator", "javax.persistence.Temporal", "javax.persistence.TemporalType", "javax.persistence.Transient", "javax.validation.constraints.NotNull", "com.ibm.websphere.samples.daytrader.util.Log", "com.ibm.websphere.samples.daytrader.util.TradeConfig"], "HoldingDataBean": "HoldingDataBean"}, "daytrader7/daytrader-ee7-ejb/src/main/java/com/ibm/websphere/samples/daytrader/ejb3/DTBroker3MDB.java": {"package": "com.ibm.websphere.samples.daytrader.ejb3", "import": ["javax.annotation.Resource", "javax.ejb.ActivationConfigProperty", "javax.ejb.EJB", "javax.ejb.MessageDriven", "javax.ejb.MessageDrivenContext", "javax.ejb.TransactionAttribute", "javax.ejb.TransactionAttributeType", "javax.ejb.TransactionManagement", "javax.ejb.TransactionManagementType", "javax.jms.Message", "javax.jms.MessageListener", "javax.jms.TextMessage", "com.ibm.websphere.samples.daytrader.TradeServices", "com.ibm.websphere.samples.daytrader.direct.TradeDirect", "com.ibm.websphere.samples.daytrader.util.Log", "com.ibm.websphere.samples.daytrader.util.MDBStats", "com.ibm.websphere.samples.daytrader.util.TimerStat"], "DTBroker3MDB": "DTBroker3MDB"}, "daytrader7/daytrader-ee7-ejb/src/main/java/com/ibm/websphere/samples/daytrader/ejb3/DTStreamer3MDB.java": {"package": "com.ibm.websphere.samples.daytrader.ejb3", "import": ["javax.annotation.Resource", "javax.ejb.ActivationConfigProperty", "javax.ejb.MessageDriven", "javax.ejb.MessageDrivenContext", "javax.ejb.TransactionAttribute", "javax.ejb.TransactionAttributeType", "javax.ejb.TransactionManagement", "javax.ejb.TransactionManagementType", "javax.enterprise.event.Event", "javax.inject.Inject", "javax.jms.Message", "javax.jms.MessageListener", "javax.jms.TextMessage", "com.ibm.websphere.samples.daytrader.util.Log", "com.ibm.websphere.samples.daytrader.util.MDBStats", "com.ibm.websphere.samples.daytrader.util.TimerStat", "com.ibm.websphere.samples.daytrader.util.TradeConfig", "com.ibm.websphere.samples.daytrader.util.WebSocketJMSMessage"], "DTStreamer3MDB": "DTStreamer3MDB"}, "daytrader7/daytrader-ee7-ejb/src/main/java/com/ibm/websphere/samples/daytrader/ejb3/MarketSummarySingleton.java": {"package": "com.ibm.websphere.samples.daytrader.ejb3", "import": ["java.math.BigDecimal", "java.util.ArrayList", "java.util.List", "javax.annotation.PostConstruct", "javax.ejb.Lock", "javax.ejb.LockType", "javax.ejb.Schedule", "javax.ejb.Singleton", "javax.persistence.EntityManager", "javax.persistence.PersistenceContext", "javax.persistence.TypedQuery", "javax.persistence.criteria.CriteriaBuilder", "javax.persistence.criteria.CriteriaQuery", "javax.persistence.criteria.Root", "com.ibm.websphere.samples.daytrader.beans.MarketSummaryDataBean", "com.ibm.websphere.samples.daytrader.entities.QuoteDataBean", "com.ibm.websphere.samples.daytrader.util.FinancialUtils", "com.ibm.websphere.samples.daytrader.util.Log", "com.ibm.websphere.samples.daytrader.util.TradeConfig"], "MarketSummarySingleton": "MarketSummarySingleton"}, "daytrader7/daytrader-ee7-ejb/src/main/java/com/ibm/websphere/samples/daytrader/ejb3/TradeSLSBBean.java": {"package": "com.ibm.websphere.samples.daytrader.ejb3", "import": ["java.math.BigDecimal", "java.sql.Timestamp", "java.util.Collection", "java.util.Comparator", "java.util.Iterator", "java.util.List", "javax.annotation.PostConstruct", "javax.annotation.Resource", "javax.ejb.EJB", "javax.ejb.EJBException", "javax.ejb.SessionContext", "javax.ejb.Stateless", "javax.ejb.TransactionAttribute", "javax.ejb.TransactionAttributeType", "javax.ejb.TransactionManagement", "javax.ejb.TransactionManagementType", "javax.enterprise.concurrent.ManagedThreadFactory", "javax.jms.JMSContext", "javax.jms.Queue", "javax.jms.QueueConnectionFactory", "javax.jms.TextMessage", "javax.jms.Topic", "javax.jms.TopicConnectionFactory", "javax.persistence.EntityManager", "javax.persistence.PersistenceContext", "javax.persistence.TypedQuery", "javax.persistence.criteria.CriteriaBuilder", "javax.persistence.criteria.CriteriaQuery", "javax.persistence.criteria.Root", "javax.transaction.RollbackException", "com.ibm.websphere.samples.daytrader.TradeAction", "com.ibm.websphere.samples.daytrader.beans.MarketSummaryDataBean", "com.ibm.websphere.samples.daytrader.beans.RunStatsDataBean", "com.ibm.websphere.samples.daytrader.entities.AccountDataBean", "com.ibm.websphere.samples.daytrader.entities.AccountProfileDataBean", "com.ibm.websphere.samples.daytrader.entities.HoldingDataBean", "com.ibm.websphere.samples.daytrader.entities.OrderDataBean", "com.ibm.websphere.samples.daytrader.entities.QuoteDataBean", "com.ibm.websphere.samples.daytrader.util.CompleteOrderThread", "com.ibm.websphere.samples.daytrader.util.FinancialUtils", "com.ibm.websphere.samples.daytrader.util.Log", "com.ibm.websphere.samples.daytrader.util.TradeConfig"], "TradeSLSBBean": "TradeSLSBBean", "quotePriceComparator": "TradeSLSBBean::quotePriceComparator"}}, "Dup_Class": {}, "Version": "v2.0.8b"}